{
  "type": "minecraft:crafting_shapeless",
  "group": "concrete_powder",
  "ingredients": [
    {
      "item": "minecraft:gray_dye"
    },
    {
      "item": "minecraft:sand"
    },
    {
      "item": "minecraft:sand"
    },
    {
      "item": "minecraft:sand"
    },
    {
      "item": "minecraft:sand"
    },
    {
      "item": "minecraft:gravel"
    },
    {
      "item": "minecraft:gravel"
    },
    {
      "item": "minecraft:gravel"
    },
    {
      "item": "minecraft:gravel"
    }
  ],
  "result": {
    "count": 8,
    "item": "minecraft:gray_concrete_powder"
  }
}