{
  "parent": "minecraft:recipes/root",
  "rewards": {
    "recipes": [
      "minecraft:acacia_fence_gate"
    ]
  },
  "criteria": {
    "has_planks": {
      "trigger": "minecraft:inventory_changed",
      "conditions": {
        "items": [
          {
            "item": "minecraft:acacia_planks"
          }
        ]
      }
    },
    "has_the_recipe": {
      "trigger": "minecraft:recipe_unlocked",
      "conditions": {
        "recipe": "minecraft:acacia_fence_gate"
      }
    }
  },
  "requirements": [
    [
      "has_planks",
      "has_the_recipe"
    ]
  ]
}