{
  "parent": "minecraft:recipes/root",
  "rewards": {
    "recipes": [
      "minecraft:white_bed"
    ]
  },
  "criteria": {
    "has_white_wool": {
      "trigger": "minecraft:inventory_changed",
      "conditions": {
        "items": [
          {
            "item": "minecraft:white_wool"
          }
        ]
      }
    },
    "has_the_recipe": {
      "trigger": "minecraft:recipe_unlocked",
      "conditions": {
        "recipe": "minecraft:white_bed"
      }
    }
  },
  "requirements": [
    [
      "has_white_wool",
      "has_the_recipe"
    ]
  ]
}