{
  "parent": "minecraft:adventure/sleep_in_bed",
  "display": {
    "icon": {
      "item": "minecraft:diamond_boots",
      "nbt": "{Damage:0}"
    },
    "title": {
      "translate": "advancements.adventure.adventuring_time.title"
    },
    "description": {
      "translate": "advancements.adventure.adventuring_time.description"
    },
    "frame": "challenge",
    "show_toast": true,
    "announce_to_chat": true,
    "hidden": false
  },
  "rewards": {
    "experience": 500
  },
  "criteria": {
    "minecraft:birch_forest_hills": {
      "trigger": "minecraft:location",
      "conditions": {
        "biome": "minecraft:birch_forest_hills"
      }
    },
    "minecraft:river": {
      "trigger": "minecraft:location",
      "conditions": {
        "biome": "minecraft:river"
      }
    },
    "minecraft:swamp": {
      "trigger": "minecraft:location",
      "conditions": {
        "biome": "minecraft:swamp"
      }
    },
    "minecraft:desert": {
      "trigger": "minecraft:location",
      "conditions": {
        "biome": "minecraft:desert"
      }
    },
    "minecraft:wooded_hills": {
      "trigger": "minecraft:location",
      "conditions": {
        "biome": "minecraft:wooded_hills"
      }
    },
    "minecraft:giant_tree_taiga_hills": {
      "trigger": "minecraft:location",
      "conditions": {
        "biome": "minecraft:giant_tree_taiga_hills"
      }
    },
    "minecraft:snowy_taiga": {
      "trigger": "minecraft:location",
      "conditions": {
        "biome": "minecraft:snowy_taiga"
      }
    },
    "minecraft:badlands": {
      "trigger": "minecraft:location",
      "conditions": {
        "biome": "minecraft:badlands"
      }
    },
    "minecraft:forest": {
      "trigger": "minecraft:location",
      "conditions": {
        "biome": "minecraft:forest"
      }
    },
    "minecraft:stone_shore": {
      "trigger": "minecraft:location",
      "conditions": {
        "biome": "minecraft:stone_shore"
      }
    },
    "minecraft:snowy_tundra": {
      "trigger": "minecraft:location",
      "conditions": {
        "biome": "minecraft:snowy_tundra"
      }
    },
    "minecraft:taiga_hills": {
      "trigger": "minecraft:location",
      "conditions": {
        "biome": "minecraft:taiga_hills"
      }
    },
    "minecraft:snowy_mountains": {
      "trigger": "minecraft:location",
      "conditions": {
        "biome": "minecraft:snowy_mountains"
      }
    },
    "minecraft:wooded_badlands_plateau": {
      "trigger": "minecraft:location",
      "conditions": {
        "biome": "minecraft:wooded_badlands_plateau"
      }
    },
    "minecraft:savanna": {
      "trigger": "minecraft:location",
      "conditions": {
        "biome": "minecraft:savanna"
      }
    },
    "minecraft:plains": {
      "trigger": "minecraft:location",
      "conditions": {
        "biome": "minecraft:plains"
      }
    },
    "minecraft:frozen_river": {
      "trigger": "minecraft:location",
      "conditions": {
        "biome": "minecraft:frozen_river"
      }
    },
    "minecraft:giant_tree_taiga": {
      "trigger": "minecraft:location",
      "conditions": {
        "biome": "minecraft:giant_tree_taiga"
      }
    },
    "minecraft:snowy_beach": {
      "trigger": "minecraft:location",
      "conditions": {
        "biome": "minecraft:snowy_beach"
      }
    },
    "minecraft:jungle_hills": {
      "trigger": "minecraft:location",
      "conditions": {
        "biome": "minecraft:jungle_hills"
      }
    },
    "minecraft:jungle_edge": {
      "trigger": "minecraft:location",
      "conditions": {
        "biome": "minecraft:jungle_edge"
      }
    },
    "minecraft:mushroom_field_shore": {
      "trigger": "minecraft:location",
      "conditions": {
        "biome": "minecraft:mushroom_field_shore"
      }
    },
    "minecraft:mountains": {
      "trigger": "minecraft:location",
      "conditions": {
        "biome": "minecraft:mountains"
      }
    },
    "minecraft:desert_hills": {
      "trigger": "minecraft:location",
      "conditions": {
        "biome": "minecraft:desert_hills"
      }
    },
    "minecraft:jungle": {
      "trigger": "minecraft:location",
      "conditions": {
        "biome": "minecraft:jungle"
      }
    },
    "minecraft:beach": {
      "trigger": "minecraft:location",
      "conditions": {
        "biome": "minecraft:beach"
      }
    },
    "minecraft:savanna_plateau": {
      "trigger": "minecraft:location",
      "conditions": {
        "biome": "minecraft:savanna_plateau"
      }
    },
    "minecraft:snowy_taiga_hills": {
      "trigger": "minecraft:location",
      "conditions": {
        "biome": "minecraft:snowy_taiga_hills"
      }
    },
    "minecraft:badlands_plateau": {
      "trigger": "minecraft:location",
      "conditions": {
        "biome": "minecraft:badlands_plateau"
      }
    },
    "minecraft:dark_forest": {
      "trigger": "minecraft:location",
      "conditions": {
        "biome": "minecraft:dark_forest"
      }
    },
    "minecraft:taiga": {
      "trigger": "minecraft:location",
      "conditions": {
        "biome": "minecraft:taiga"
      }
    },
    "minecraft:birch_forest": {
      "trigger": "minecraft:location",
      "conditions": {
        "biome": "minecraft:birch_forest"
      }
    },
    "minecraft:mushroom_fields": {
      "trigger": "minecraft:location",
      "conditions": {
        "biome": "minecraft:mushroom_fields"
      }
    },
    "minecraft:wooded_mountains": {
      "trigger": "minecraft:location",
      "conditions": {
        "biome": "minecraft:wooded_mountains"
      }
    },
    "minecraft:warm_ocean": {
      "trigger": "minecraft:location",
      "conditions": {
        "biome": "minecraft:warm_ocean"
      }
    },
    "minecraft:lukewarm_ocean": {
      "trigger": "minecraft:location",
      "conditions": {
        "biome": "minecraft:lukewarm_ocean"
      }
    },
    "minecraft:cold_ocean": {
      "trigger": "minecraft:location",
      "conditions": {
        "biome": "minecraft:cold_ocean"
      }
    },
    "minecraft:deep_lukewarm_ocean": {
      "trigger": "minecraft:location",
      "conditions": {
        "biome": "minecraft:deep_lukewarm_ocean"
      }
    },
    "minecraft:deep_cold_ocean": {
      "trigger": "minecraft:location",
      "conditions": {
        "biome": "minecraft:deep_cold_ocean"
      }
    },
    "minecraft:deep_frozen_ocean": {
      "trigger": "minecraft:location",
      "conditions": {
        "biome": "minecraft:deep_frozen_ocean"
      }
    },
    "minecraft:bamboo_jungle": {
      "trigger": "minecraft:location",
      "conditions": {
        "biome": "minecraft:bamboo_jungle"
      }
    },
    "minecraft:bamboo_jungle_hills": {
      "trigger": "minecraft:location",
      "conditions": {
        "biome": "minecraft:bamboo_jungle_hills"
      }
    }
  },
  "requirements": [
    [
      "minecraft:birch_forest_hills"
    ],
    [
      "minecraft:river"
    ],
    [
      "minecraft:swamp"
    ],
    [
      "minecraft:desert"
    ],
    [
      "minecraft:wooded_hills"
    ],
    [
      "minecraft:giant_tree_taiga_hills"
    ],
    [
      "minecraft:snowy_taiga"
    ],
    [
      "minecraft:badlands"
    ],
    [
      "minecraft:forest"
    ],
    [
      "minecraft:stone_shore"
    ],
    [
      "minecraft:snowy_tundra"
    ],
    [
      "minecraft:taiga_hills"
    ],
    [
      "minecraft:snowy_mountains"
    ],
    [
      "minecraft:wooded_badlands_plateau"
    ],
    [
      "minecraft:savanna"
    ],
    [
      "minecraft:plains"
    ],
    [
      "minecraft:frozen_river"
    ],
    [
      "minecraft:giant_tree_taiga"
    ],
    [
      "minecraft:snowy_beach"
    ],
    [
      "minecraft:jungle_hills"
    ],
    [
      "minecraft:jungle_edge"
    ],
    [
      "minecraft:mushroom_field_shore"
    ],
    [
      "minecraft:mountains"
    ],
    [
      "minecraft:desert_hills"
    ],
    [
      "minecraft:jungle"
    ],
    [
      "minecraft:beach"
    ],
    [
      "minecraft:savanna_plateau"
    ],
    [
      "minecraft:snowy_taiga_hills"
    ],
    [
      "minecraft:badlands_plateau"
    ],
    [
      "minecraft:dark_forest"
    ],
    [
      "minecraft:taiga"
    ],
    [
      "minecraft:birch_forest"
    ],
    [
      "minecraft:mushroom_fields"
    ],
    [
      "minecraft:wooded_mountains"
    ],
    [
      "minecraft:warm_ocean"
    ],
    [
      "minecraft:lukewarm_ocean"
    ],
    [
      "minecraft:cold_ocean"
    ],
    [
      "minecraft:deep_lukewarm_ocean"
    ],
    [
      "minecraft:deep_cold_ocean"
    ],
    [
      "minecraft:deep_frozen_ocean"
    ],
    [
      "minecraft:bamboo_jungle"
    ],
    [
      "minecraft:bamboo_jungle_hills"
    ]
  ]
}